"id","from","reply_to","subject","body","body_html","attachments","category","is_phishing"
"1","Apex University Registrar <registrar@apex.edu>","registrar@apex.edu","Fall Semester Final Examination Schedule Published","Dear Student,

The official final examination schedule for the Fall semester is now available on the student portal. Please log in to your student dashboard to view your course-specific room assignments and exam timings.

Best regards,
Office of the Registrar
Apex University","<p>Dear Student,</p><p>The official final examination schedule for the Fall semester is now available on the <a href='https://portal.apex.edu/academics/exams'>student portal</a>. Please check your exam timings.</p><p>Office of the Registrar</p>","[]","LEGITIMATE","0"
"2","Campus Library Services <library@apex.edu>","library@apex.edu","Courtesy Reminder: Borrowed Book Due in 3 Days","Hello,

This is a friendly reminder that 'Introduction to Algorithms, 3rd Edition' is due on Friday. You may renew the item online through your library account if no other student has placed a hold.

Apex University Library","<p>Hello,</p><p>This is a friendly reminder that <em>Introduction to Algorithms</em> is due on Friday. Renew online via <a href='https://library.apex.edu/myaccount'>Library Portal</a>.</p>","[]","LEGITIMATE","0"
"3","Prof. David Miller <dmiller@cs.apex.edu>","dmiller@cs.apex.edu","CS101 Office Hours Rescheduled for This Thursday","Hi Class,

Please note that my office hours this Thursday will be held from 3:00 PM to 5:00 PM instead of the usual morning slot due to a faculty meeting. Feel free to email me if you need an alternative time.

Best,
Prof. Miller","<p>Hi Class,</p><p>Office hours this Thursday will be from 3:00 PM to 5:00 PM. See syllabus on <a href='https://canvas.apex.edu/courses/cs101'>Canvas</a>.</p>","[]","LEGITIMATE","0"
"4","Apex Hackathon Committee <hackathon@apex.edu>","hackathon@apex.edu","Registration Confirmed: Apex CyberHack 2026","Congratulations! Your team 'Binary Guardians' has been registered for Apex CyberHack 2026. The opening ceremony begins Saturday at 9:00 AM in the Engineering Auditorium.

See you there,
Hackathon Team","<p>Congratulations! Your team has been registered for Apex CyberHack 2026. Check the schedule on <a href='https://cyberhack.apex.edu/schedule'>our website</a>.</p>","[]","LEGITIMATE","0"
"5","GitHub Notifications <notifications@github.com>","support@github.com","[GitHub] Pull request #42 merged into main branch","Hi developer,

Pull request #42 'Add unit tests for authentication module' was successfully merged into main by team-lead. All 28 automated tests passed.

View details on GitHub.","<p>Pull request #42 was successfully merged into main. <a href='https://github.com/apex-org/project/pull/42'>View on GitHub</a>.</p>","[]","LEGITIMATE","0"
"6","Google Calendar <calendar-notification@google.com>","no-reply@google.com","Invitation: Weekly Project Sync @ Mon Sep 7, 2026 10:00 AM","You have been invited to Weekly Project Sync.
When: Monday, Sep 7, 2026 10:00 AM - 10:45 AM
Where: Google Meet
Organizer: team-lead@company.com","<p>You have been invited to Weekly Project Sync. <a href='https://meet.google.com/abc-defg-hij'>Join with Google Meet</a></p>","[]","LEGITIMATE","0"
"7","Amazon Customer Service <order-update@amazon.com>","no-reply@amazon.com","Your Amazon.com order #112-9847162-8921401 has shipped","Hello,

Your order containing 'USB-C Cable 2-Pack' has shipped via UPS and is estimated to arrive on Thursday. You can track your package directly in your Amazon account.

Thank you for shopping with Amazon.","<p>Your order has shipped. <a href='https://www.amazon.com/your-orders/tracking/112-9847162'>Track your package</a>.</p>","[]","LEGITIMATE","0"
"8","Slack Notifications <notification@slack.com>","feedback@slack.com","New messages in #general on CyberTeam Workspace","Here is a summary of unread messages from your team in #general:
- Alex: Pushed the latest patch to staging environment.
- Sarah: Meeting starts in 10 minutes.

Open Slack to reply.","<p>You have unread messages in #general. <a href='https://cyberteam.slack.com/messages/general'>Open Slack</a></p>","[]","LEGITIMATE","0"
"9","Spotify Subscription <no-reply@spotify.com>","no-reply@spotify.com","Your Spotify Premium Monthly Receipt","Hi there,

Thanks for choosing Spotify Premium. We have successfully processed your monthly subscription payment of $9.99 for the period Sep 1 - Sep 30, 2026.

Your receipt number is #SPT-892184.","<p>Your monthly Spotify Premium payment of $9.99 was processed. <a href='https://www.spotify.com/account/receipts'>View Account Receipts</a>.</p>","[]","LEGITIMATE","0"
"10","Coursera Learning <no-reply@coursera.org>","no-reply@coursera.org","Week 3 Assignment Graded: Machine Learning Foundations","Hi learner,

Your submission for 'Neural Networks and Optimization' has been graded. Your score: 95/100.

Log in to Coursera to view instructor feedback and continue to Week 4.","<p>Your assignment has been graded (95/100). <a href='https://www.coursera.org/learn/ml-foundations/home/week/3'>Go to Course</a>.</p>","[]","LEGITIMATE","0"
"11","Netflix Billing <info@mailer.netflix.com>","info@mailer.netflix.com","Your Netflix membership renewal statement","Hi member,

This is a routine confirmation that your Standard plan renewed on Sep 1, 2026 for $15.49. No action is required.

Happy streaming,
The Netflix Team","<p>Your Standard plan renewed on Sep 1, 2026. <a href='https://www.netflix.com/youraccount'>Manage Account</a>.</p>","[]","LEGITIMATE","0"
"12","LinkedIn Communications <messages-noreply@linkedin.com>","messages-noreply@linkedin.com","Priya Sharma endorsed your skill 'Python' on LinkedIn","Hi,

Priya Sharma from Apex University has endorsed you for the skill 'Python (Programming Language)'. Keep building your network and adding project milestones.

View profile on LinkedIn.","<p>Priya Sharma endorsed you for Python. <a href='https://www.linkedin.com/in/me'>View Profile</a>.</p>","[]","LEGITIMATE","0"
"13","City Power & Light <billing@citypower.org>","support@citypower.org","Your Monthly Utility Bill is Available","Hello Customer,

Your electric utility statement for August 2026 is ready. Total amount: $64.20, due on September 22. If you are enrolled in AutoPay, your balance will be processed automatically.","<p>Your electric statement is ready ($64.20). <a href='https://www.citypower.org/portal/billing'>View Statement</a>.</p>","[]","LEGITIMATE","0"
"14","Apex Health Center <appointments@apexhealth.org>","appointments@apexhealth.org","Routine Annual Checkup Appointment Confirmation","Dear Patient,

Your routine physical exam with Dr. Emily Vance is confirmed for Wednesday, Sep 15 at 10:30 AM at the Student Wellness Clinic. Please arrive 10 minutes early.

Apex Health Services","<p>Your appointment is confirmed for Sep 15 at 10:30 AM. <a href='https://portal.apexhealth.org/appointments'>View Portal</a>.</p>","[]","LEGITIMATE","0"
"15","Apple Store <order-confirmation@apple.com>","no-reply@apple.com","We are processing your order W948210492","Thank you for your order from the Apple Store.

Item: USB-C to 3.5 mm Headphone Jack Adapter
Total: $9.00
Delivering to your shipping address on file.

Track progress on Apple.com.","<p>Thank you for your order. <a href='https://www.apple.com/shop/order/status'>Track Order Status</a>.</p>","[]","LEGITIMATE","0"
"16","Zoom Notifications <no-reply@zoom.us>","no-reply@zoom.us","Cloud Recording - Computer Science Study Group is now available","Hi there,

The cloud recording for 'Computer Science Study Group - Lecture 4 Review' is now available for viewing. Meeting ID: 849 201 491.

Access the recording on Zoom.","<p>Your recording is ready. <a href='https://zoom.us/rec/play/849201491'>Watch Recording</a>.</p>","[]","LEGITIMATE","0"
"17","Apex University Bookstore <orders@apexbookstore.com>","help@apexbookstore.com","Your Textbook Pickup is Ready at Campus Store","Hello Student,

Your order #BK-5921 for 'Physics for Scientists & Engineers' has been fulfilled and is ready for pickup at the main campus bookstore customer service counter. Bring your student ID.","<p>Your textbook is ready for pickup. <a href='https://www.apexbookstore.com/orders'>Check Order</a>.</p>","[]","LEGITIMATE","0"
"18","Discord Community <notifications@discord.com>","noreply@discord.com","New announcements in 'Apex Coders Society' server","Hey there,

Admin posted an announcement in #announcements: 'Workshop on Git and GitHub fundamentals will be held this Friday at 6 PM on voice channel 1.'

Open Discord to join.","<p>New announcement in Apex Coders Society. <a href='https://discord.com/channels/12345/67890'>Open Discord</a>.</p>","[]","LEGITIMATE","0"
"19","Uber Receipts <uber.us@uber.com>","support@uber.com","Your Tuesday morning trip with Uber","Thanks for riding with Uber. Total: $14.50. Ride from Campus North Gate to Tech Park. Driver rating: 5 stars.

View trip breakdown on your account.","<p>Thanks for riding with Uber. Total: $14.50. <a href='https://riders.uber.com/trips'>View Trip Details</a>.</p>","[]","LEGITIMATE","0"
"20","National Science Foundation <updates@nsf.gov>","info@nsf.gov","NSF Newsletter: Undergraduate Research Fellowship Applications Open","The National Science Foundation announces the opening of the 2026 Graduate and Undergraduate Research Fellowship Program. Review eligibility guidelines and submission deadlines on nsf.gov.","<p>Applications are open for research fellowships. <a href='https://www.nsf.gov/fellowships'>Read Guidelines</a>.</p>","[]","LEGITIMATE","0"
"21","Apex Dining Services <dining@apex.edu>","dining@apex.edu","Campus Meal Plan Balance Update","Your meal plan balance for the current week is 14 swipes and $45.00 dining dollars remaining. Enjoy your meals at the dining hall.","<p>Your meal plan balance for the current week is 14 swipes and $45.00 dining dollars remaining. Enjoy your meals at the dining hall.</p>","[]","LEGITIMATE","0"
"22","Apex Parking Office <parking@apex.edu>","parking@apex.edu","Student Parking Permit Valid for Fall 2026","Your digital parking permit for Lot C is active. Your registered vehicle license plate has been verified with campus security.","<p>Your digital parking permit for Lot C is active. Your registered vehicle license plate has been verified with campus security.</p>","[]","LEGITIMATE","0"
"23","Apex Career Center <careers@apex.edu>","careers@apex.edu","Upcoming Fall STEM Career & Internship Fair","Over 50 tech and engineering employers will be on campus next Tuesday. Register on Handshake to review participating companies.","<p>Over 50 tech and engineering employers will be on campus next Tuesday. Register on Handshake to review participating companies.</p>","[]","LEGITIMATE","0"
"24","Apex IT Helpdesk <ithelp@apex.edu>","ithelp@apex.edu","Scheduled Wi-Fi Maintenance in Dorms Saturday 2 AM","Campus IT will perform router firmware upgrades between 2:00 AM and 4:00 AM this Saturday. Wired network connections will remain unaffected.","<p>Campus IT will perform router firmware upgrades between 2:00 AM and 4:00 AM this Saturday. Wired network connections will remain unaffected.</p>","[]","LEGITIMATE","0"
"25","Grammarly Team <info@grammarly.com>","info@grammarly.com","Your Weekly Writing Insights & Statistics","Last week you wrote 4,200 words across browser documents with 98% accuracy. Keep up the productive writing!","<p>Last week you wrote 4,200 words across browser documents with 98% accuracy. Keep up the productive writing!</p>","[]","LEGITIMATE","0"
"26","Duolingo <learn@duolingo.com>","learn@duolingo.com","You maintained your 30-day streak in Spanish!","Great job practicing today! You are in the top 10% of learners in your league this week.","<p>Great job practicing today! You are in the top 10% of learners in your league this week.</p>","[]","LEGITIMATE","0"
"27","Medium Daily Digest <digest@medium.com>","digest@medium.com","Top stories in Machine Learning and Computer Science today","Here are today's recommended articles: 'Understanding Attention Mechanisms' and 'Modern Python 3.12 Features Explained'.","<p>Here are today's recommended articles: 'Understanding Attention Mechanisms' and 'Modern Python 3.12 Features Explained'.</p>","[]","LEGITIMATE","0"
"28","Stack Overflow <do-not-reply@stackoverflow.email>","do-not-reply@stackoverflow.email","Weekly Newsletter: Answers to Top Python and Algorithms Questions","Check out community-approved answers to this week's trending coding challenges on Stack Overflow.","<p>Check out community-approved answers to this week's trending coding challenges on Stack Overflow.</p>","[]","LEGITIMATE","0"
"29","Figma Notifications <notifications@figma.com>","notifications@figma.com","Alex shared the project 'Mobile App Wireframes' with you","You have been given view and comment access to Mobile App Wireframes on Figma. Click to open the canvas.","<p>You have been given view and comment access to Mobile App Wireframes on Figma. Click to open the canvas.</p>","[]","LEGITIMATE","0"
"30","Notion <team@m.notion.so>","team@m.notion.so","Updates in workspace 'Hackathon Project Tracker'","3 tasks were completed today in your hackathon board. Review current sprint progress on Notion.","<p>3 tasks were completed today in your hackathon board. Review current sprint progress on Notion.</p>","[]","LEGITIMATE","0"
"31","Kaggle Notifications <notifications@kaggle.com>","notifications@kaggle.com","New competition launched: Tabular Classification Challenge","Join the community in predicting customer churn using ensemble trees. $25,000 prize pool.","<p>Join the community in predicting customer churn using ensemble trees. $25,000 prize pool.</p>","[]","LEGITIMATE","0"
"32","Trello Notifications <alerts@trello.com>","alerts@trello.com","Card 'Implement ML Endpoint' moved to 'Done'","Member Yashicaa moved the card to Done on the PhishLens Development Board.","<p>Member Yashicaa moved the card to Done on the PhishLens Development Board.</p>","[]","LEGITIMATE","0"
"33","Sublime Text <sales@sublimetext.com>","sales@sublimetext.com","Sublime Text License Information & Receipt","Thank you for purchasing a personal license for Sublime Text 4. Your license key has been activated.","<p>Thank you for purchasing a personal license for Sublime Text 4. Your license key has been activated.</p>","[]","LEGITIMATE","0"
"34","JetBrains Team <news@jetbrains.com>","news@jetbrains.com","PyCharm 2026.2 Feature Highlights & Release Notes","Discover new debugging tools, integrated terminal updates, and AI code completion features in PyCharm.","<p>Discover new debugging tools, integrated terminal updates, and AI code completion features in PyCharm.</p>","[]","LEGITIMATE","0"
"35","Docker Community <newsletter@docker.com>","newsletter@docker.com","Docker Desktop Update 4.28 Available for Download","The latest version of Docker Desktop includes performance improvements for container builds and volume mounting.","<p>The latest version of Docker Desktop includes performance improvements for container builds and volume mounting.</p>","[]","LEGITIMATE","0"
"36","Steam Support <noreply@steampowered.com>","noreply@steampowered.com","Thank you for your Steam purchase","Your purchase of 'Indie Game Bundle' for $4.99 has been completed. The games are now in your Steam library.","<p>Your purchase of 'Indie Game Bundle' for $4.99 has been completed. The games are now in your Steam library.</p>","[]","LEGITIMATE","0"
"37","PlayStation Network <sony@email.sonyentertainmentnetwork.com>","sony@email.sonyentertainmentnetwork.com","Transaction Receipt for PlayStation Store","Thank you for your purchase on PlayStation Store. Order #PSN-49102. Amount: $0.00 (Free Demo).","<p>Thank you for your purchase on PlayStation Store. Order #PSN-49102. Amount: $0.00 (Free Demo).</p>","[]","LEGITIMATE","0"
"38","Goodreads <no-reply@goodreads.com>","no-reply@goodreads.com","Your Monthly Reading Goal Progress for September","You have read 8 of 12 books for your 2026 reading challenge! Check out recommendations from friends.","<p>You have read 8 of 12 books for your 2026 reading challenge! Check out recommendations from friends.</p>","[]","LEGITIMATE","0"
"39","TripAdvisor <updates@tripadvisor.com>","updates@tripadvisor.com","Explore top-rated hiking trails and parks near your city","Here are 5 scenic outdoor getaways with 4.5+ star ratings within 30 miles of campus.","<p>Here are 5 scenic outdoor getaways with 4.5+ star ratings within 30 miles of campus.</p>","[]","LEGITIMATE","0"
"40","National Weather Service <alerts@weather.gov>","alerts@weather.gov","Weekend Weather Outlook: Sunny with highs in the mid-70s","Expect clear skies throughout Saturday and Sunday with comfortable temperatures and low humidity.","<p>Expect clear skies throughout Saturday and Sunday with comfortable temperatures and low humidity.</p>","[]","LEGITIMATE","0"
"41","Apex Alumni Association <alumni@apex.edu>","alumni@apex.edu","Invitation: Annual Homecoming Football Game & Tailgate","Join fellow students and alumni on Saturday, October 10 for the homecoming game. Student tickets are complimentary.","<p>Join fellow students and alumni on Saturday, October 10 for the homecoming game. Student tickets are complimentary.</p>","[]","LEGITIMATE","0"
"42","Apex Robotics Club <robotics@apex.edu>","robotics@apex.edu","First General Body Meeting & Project Pitches","Join us this Wednesday in Engineering Hall Room 204. We will discuss combat robotics and autonomous drone teams.","<p>Join us this Wednesday in Engineering Hall Room 204. We will discuss combat robotics and autonomous drone teams.</p>","[]","LEGITIMATE","0"
"43","Apex Physics Society <physics@apex.edu>","physics@apex.edu","Guest Lecture: Quantum Computing Frontiers","Dr. Alan Turing Memorial Lecture by visiting scientist Dr. Clara Oswald this Friday at 4 PM.","<p>Dr. Alan Turing Memorial Lecture by visiting scientist Dr. Clara Oswald this Friday at 4 PM.</p>","[]","LEGITIMATE","0"
"44","Apex Art Gallery <gallery@apex.edu>","gallery@apex.edu","Opening Reception: Student Photography & Digital Media","Celebrate creative works by campus artists this Thursday evening from 6 PM to 8 PM. Refreshments served.","<p>Celebrate creative works by campus artists this Thursday evening from 6 PM to 8 PM. Refreshments served.</p>","[]","LEGITIMATE","0"
"45","Apex Volunteer Corps <volunteer@apex.edu>","volunteer@apex.edu","Community Garden Clean-up Day this Saturday","Help plant native pollinators and maintain community garden beds. Transportation provided from campus center.","<p>Help plant native pollinators and maintain community garden beds. Transportation provided from campus center.</p>","[]","LEGITIMATE","0"
"46","Public Radio International <membership@npr.org>","membership@npr.org","Thank you for supporting public radio and journalism","Your monthly listener pledge of $5.00 helps fund in-depth investigative reporting and educational podcasts.","<p>Your monthly listener pledge of $5.00 helps fund in-depth investigative reporting and educational podcasts.</p>","[]","LEGITIMATE","0"
"47","The Economist <newsletters@economist.com>","newsletters@economist.com","Global Business & Technology Weekly Executive Summary","A comprehensive analysis of renewable energy transitions and global supply chain trends.","<p>A comprehensive analysis of renewable energy transitions and global supply chain trends.</p>","[]","LEGITIMATE","0"
"48","MIT Technology Review <newsletters@technologyreview.com>","newsletters@technologyreview.com","The Download: What is next in Robotics and Synthetic Biology","Our editors analyze the latest breakthrough research papers in autonomous systems.","<p>Our editors analyze the latest breakthrough research papers in autonomous systems.</p>","[]","LEGITIMATE","0"
"49","ArXiv Alerts <no-reply@arxiv.org>","no-reply@arxiv.org","Daily Cs.AI paper feed: 12 new preprints submitted","New preprints covering ensemble classification, graph neural networks, and prompt engineering.","<p>New preprints covering ensemble classification, graph neural networks, and prompt engineering.</p>","[]","LEGITIMATE","0"
"50","IEEE Student Branch <ieee@apex.edu>","ieee@apex.edu","Call for Papers: Regional Undergraduate Technical Conference","Submit your course project or research paper for presentation at the IEEE student symposium.","<p>Submit your course project or research paper for presentation at the IEEE student symposium.</p>","[]","LEGITIMATE","0"
"51","Apex Department of Mathematics <math@apex.edu>","math@apex.edu","Math Tutoring Lab Open Hours for Fall Semester","Peer tutoring is available Monday through Friday from 10 AM to 6 PM in Science Building Room 102.","<p>Peer tutoring is available Monday through Friday from 10 AM to 6 PM in Science Building Room 102.</p>","[]","LEGITIMATE","0"
"52","Apex Residence Life <housing@apex.edu>","housing@apex.edu","Room Inspection Schedule for East Quad Dormitories","Routine safety checks for smoke detectors and fire extinguishers will take place next Tuesday morning.","<p>Routine safety checks for smoke detectors and fire extinguishers will take place next Tuesday morning.</p>","[]","LEGITIMATE","0"
"53","Apex Recreation Center <rec@apex.edu>","rec@apex.edu","Intramural Volleyball & Basketball League Registration","Form a team with friends or sign up as a free agent. Matches begin the third week of September.","<p>Form a team with friends or sign up as a free agent. Matches begin the third week of September.</p>","[]","LEGITIMATE","0"
"54","Apex Sustainability Club <green@apex.edu>","green@apex.edu","Campus Electronic Waste Recycling Drive","Bring old cables, laptops, and batteries to the Student Center lobby for safe e-waste recycling.","<p>Bring old cables, laptops, and batteries to the Student Center lobby for safe e-waste recycling.</p>","[]","LEGITIMATE","0"
"55","USPS Informed Delivery <USPSInformedDelivery@usps.gov>","USPSInformedDelivery@usps.gov","Your daily mail preview for Tuesday, Sep 8","You have 2 letter mail pieces arriving today from Apex University and Department of Revenue.","<p>You have 2 letter mail pieces arriving today from Apex University and Department of Revenue.</p>","[]","LEGITIMATE","0"
"56","Target Order Confirmation <orders@target.com>","orders@target.com","Your store pickup order is ready at Target West","Your order containing school supplies is ready at the guest service desk. Bring barcode #TG-9201.","<p>Your order containing school supplies is ready at the guest service desk. Bring barcode #TG-9201.</p>","[]","LEGITIMATE","0"
"57","Best Buy Receipts <bestbuyinfo@emailinfo.bestbuy.com>","bestbuyinfo@emailinfo.bestbuy.com","Your Best Buy e-receipt for Purchase on Sep 1","Item: SanDisk 64GB Flash Drive. Total: $11.99. Return policy valid through Sep 30.","<p>Item: SanDisk 64GB Flash Drive. Total: $11.99. Return policy valid through Sep 30.</p>","[]","LEGITIMATE","0"
"58","GitHub Security <security@github.com>","security@github.com","[GitHub] Two-factor authentication confirmed on your account","Two-factor authentication (2FA) is successfully configured using an authenticator app for user account.","<p>Two-factor authentication (2FA) is successfully configured using an authenticator app for user account.</p>","[]","LEGITIMATE","0"
"59","Google Security <no-reply@accounts.google.com>","no-reply@accounts.google.com","Security checkup completed for your Google Account","Your Google Account security checkup showed 0 high-priority security recommendations. All settings safe.","<p>Your Google Account security checkup showed 0 high-priority security recommendations. All settings safe.</p>","[]","LEGITIMATE","0"
"60","Microsoft Account Team <account-security-noreply@accountprotection.microsoft.com>","account-security-noreply@accountprotection.microsoft.com","Microsoft account security notification","A new trusted phone number was successfully added to your Microsoft personal account.","<p>A new trusted phone number was successfully added to your Microsoft personal account.</p>","[]","LEGITIMATE","0"
"61","Mega Deals Outlet <newsletter@discountmegamart.com>","newsletter@discountmegamart.com","Unbelievable Summer Clearance: Save up to 80% on Home Goods!","Shop our biggest clearance event of the season! Over 5,000 items discounted up to 80%. Valid this weekend only. Click here to unsubscribe if you no longer wish to receive special offers.","<p>Shop our biggest clearance event of the season! Over 5,000 items discounted up to 80%. Valid this weekend only. Click here to unsubscribe if you no longer wish to receive special offers.</p><p><a href='https://example.com/unsubscribe'>Unsubscribe</a></p>","[]","SPAM","0"
"62","FitLife Health Gym <promotions@fitlifecluboffers.com>","promotions@fitlifecluboffers.com","Exclusive Fall Membership Pass: 50% Off First 3 Months","Ready to crush your fitness goals? Join FitLife today and get 50% off your membership plus a free personal training session. Reply STOP to opt out.","<p>Ready to crush your fitness goals? Join FitLife today and get 50% off your membership plus a free personal training session. Reply STOP to opt out.</p><p><a href='https://example.com/unsubscribe'>Unsubscribe</a></p>","[]","SPAM","0"
"63","Elite SEO Solutions <sales@rankboosterspro.biz>","sales@rankboosterspro.biz","Boost your website Google ranking in 30 days - Free Audit","Dear Webmaster, we noticed your website could rank higher on search engines. Let our SEO specialists optimize your keywords. Check our packages.","<p>Dear Webmaster, we noticed your website could rank higher on search engines. Let our SEO specialists optimize your keywords. Check our packages.</p><p><a href='https://example.com/unsubscribe'>Unsubscribe</a></p>","[]","SPAM","0"
"64","Direct Auto Insurance Quotes <quotes@compareautoplans.net>","quotes@compareautoplans.net","Compare Car Insurance Rates: Drivers could save up to $500/year","Looking for cheaper car insurance? Compare rates from top national carriers in under 2 minutes. Unsubscribe from marketing list here.","<p>Looking for cheaper car insurance? Compare rates from top national carriers in under 2 minutes. Unsubscribe from marketing list here.</p><p><a href='https://example.com/unsubscribe'>Unsubscribe</a></p>","[]","SPAM","0"
"65","Online Course Superstore <promos@skillboostacademy.com>","promos@skillboostacademy.com","Flash Sale: All 500+ Video Courses Just $12.99 Today Only","Master Web Development, Graphic Design, or Data Science with lifetime access to top courses. Sale ends tonight at midnight.","<p>Master Web Development, Graphic Design, or Data Science with lifetime access to top courses. Sale ends tonight at midnight.</p><p><a href='https://example.com/unsubscribe'>Unsubscribe</a></p>","[]","SPAM","0"
"66","Prime Mattress Warehouse <offers@comfortsleeppromo.com>","offers@comfortsleeppromo.com","Labor Day Mattress Extravaganza: Save up to $600 + Free Pillows","Upgrade your sleep with our award-winning memory foam mattresses. Free contactless shipping on all orders over $200.","<p>Upgrade your sleep with our award-winning memory foam mattresses. Free contactless shipping on all orders over $200.</p><p><a href='https://example.com/unsubscribe'>Unsubscribe</a></p>","[]","SPAM","0"
"67","Gourmet Coffee Roasters <club@freshbeanroasters.org>","club@freshbeanroasters.org","Get 2 Free Bags of Single-Origin Artisan Coffee on Subscription","Discover rich, handcrafted coffee delivered fresh to your door every month. Use promo code COFFEE50 at checkout.","<p>Discover rich, handcrafted coffee delivered fresh to your door every month. Use promo code COFFEE50 at checkout.</p><p><a href='https://example.com/unsubscribe'>Unsubscribe</a></p>","[]","SPAM","0"
"68","Modern Business Software <demos@cloudcrmtools.io>","demos@cloudcrmtools.io","Streamline your sales pipeline with our AI-powered CRM suite","Schedule a 15-minute product demonstration and see how 10,000+ businesses close deals faster. Unsubscribe anytime.","<p>Schedule a 15-minute product demonstration and see how 10,000+ businesses close deals faster. Unsubscribe anytime.</p><p><a href='https://example.com/unsubscribe'>Unsubscribe</a></p>","[]","SPAM","0"
"69","Style Trends Weekly <fashion@chicwearstyle.com>","fashion@chicwearstyle.com","New Autumn Fashion Collection Just Dropped - Take 25% Off","Explore cozy sweaters, jackets, and footwear designed for the changing season. Use coupon code FALL25.","<p>Explore cozy sweaters, jackets, and footwear designed for the changing season. Use coupon code FALL25.</p><p><a href='https://example.com/unsubscribe'>Unsubscribe</a></p>","[]","SPAM","0"
"70","Web Hosting Direct <promotions@speedyhostcloud.net>","promotions@speedyhostcloud.net","Reliable Cloud Hosting starting at only $1.99 per month","Host your websites with 99.9% uptime guarantee, free SSL certificate, and unlimited bandwidth. Register your domain today.","<p>Host your websites with 99.9% uptime guarantee, free SSL certificate, and unlimited bandwidth. Register your domain today.</p><p><a href='https://example.com/unsubscribe'>Unsubscribe</a></p>","[]","SPAM","0"
"71","Luxury Vacation Club <deals@resortgetawaytravel.com>","deals@resortgetawaytravel.com","All-Inclusive Caribbean Resort Packages Starting at $399","Escape to turquoise waters and white sand beaches with our limited-time vacation package deals.","<p>Escape to turquoise waters and white sand beaches with our limited-time vacation package deals.</p><p><a href='https://example.com/unsubscribe'>Unsubscribe</a></p>","[]","SPAM","0"
"72","Home Chef Express <offers@freshmealplans.com>","offers@freshmealplans.com","Get $100 Off Your First 4 Meal Kit Boxes","Cook delicious, chef-curated meals at home in 20 minutes with pre-portioned fresh ingredients.","<p>Cook delicious, chef-curated meals at home in 20 minutes with pre-portioned fresh ingredients.</p><p><a href='https://example.com/unsubscribe'>Unsubscribe</a></p>","[]","SPAM","0"
"73","Digital Printing Pros <orders@customprintshop.biz>","orders@customprintshop.biz","Custom Business Cards & Banners: 30% Off Bulk Orders","Make a lasting impression with premium matte, gloss, or textured business cards. Fast 2-day turnaround.","<p>Make a lasting impression with premium matte, gloss, or textured business cards. Fast 2-day turnaround.</p><p><a href='https://example.com/unsubscribe'>Unsubscribe</a></p>","[]","SPAM","0"
"74","Pet Care Club <newsletter@happyfurlife.com>","newsletter@happyfurlife.com","Subscribe & Save 20% on Organic Dog & Cat Food","Keep your pets healthy and energetic with veterinary-approved natural pet food delivered monthly.","<p>Keep your pets healthy and energetic with veterinary-approved natural pet food delivered monthly.</p><p><a href='https://example.com/unsubscribe'>Unsubscribe</a></p>","[]","SPAM","0"
"75","Local Dentist Care <info@brightsmilecare.net>","info@brightsmilecare.net","New Patient Special: Dental Exam and Whitening for $79","Book your consultation at our downtown dental clinic and brighten your smile with modern laser whitening.","<p>Book your consultation at our downtown dental clinic and brighten your smile with modern laser whitening.</p><p><a href='https://example.com/unsubscribe'>Unsubscribe</a></p>","[]","SPAM","0"
"76","Smart Home Gadgets <sales@futuristictechhub.com>","sales@futuristictechhub.com","Automate your home: Smart light bulbs and plugs on sale","Control your lighting and appliances with your smartphone or voice assistant. Bundle deals available.","<p>Control your lighting and appliances with your smartphone or voice assistant. Bundle deals available.</p><p><a href='https://example.com/unsubscribe'>Unsubscribe</a></p>","[]","SPAM","0"
"77","Global Tech Webinar Series <events@innovatorsummit.org>","events@innovatorsummit.org","Free Virtual Webinar: The Future of Cloud Architecture in 2027","Join industry leaders as they discuss microservices, Kubernetes, and serverless best practices.","<p>Join industry leaders as they discuss microservices, Kubernetes, and serverless best practices.</p><p><a href='https://example.com/unsubscribe'>Unsubscribe</a></p>","[]","SPAM","0"
"78","Audiobook Lovers Club <promo@listenbooksmonthly.com>","promo@listenbooksmonthly.com","Listen to 3 Best-Selling Audiobooks Free with Trial","Download thousands of audiobooks and podcasts for offline listening during your commute.","<p>Download thousands of audiobooks and podcasts for offline listening during your commute.</p><p><a href='https://example.com/unsubscribe'>Unsubscribe</a></p>","[]","SPAM","0"
"79","Office Supplies Direct <sales@workplaceessentials.com>","sales@workplaceessentials.com","Stock up on Ergonomic Chairs and Standing Desks","Improve your posture and work comfort with our commercial-grade ergonomic office furniture.","<p>Improve your posture and work comfort with our commercial-grade ergonomic office furniture.</p><p><a href='https://example.com/unsubscribe'>Unsubscribe</a></p>","[]","SPAM","0"
"80","Clean Green Energy <info@solarpowerplans.org>","info@solarpowerplans.org","Find out if your roof qualifies for Zero-Down Solar Panels","Federal and state tax incentives may cover up to 30% of your solar installation costs.","<p>Federal and state tax incentives may cover up to 30% of your solar installation costs.</p><p><a href='https://example.com/unsubscribe'>Unsubscribe</a></p>","[]","SPAM","0"
"81","Craft Beer Monthly <cheers@craftbrewersclub.com>","cheers@craftbrewersclub.com","Discover 12 Rare Microbrews from Independent Breweries","Each box features unique IPAs, stouts, and ales shipped directly from award-winning regional brewers.","<p>Each box features unique IPAs, stouts, and ales shipped directly from award-winning regional brewers.</p><p><a href='https://example.com/unsubscribe'>Unsubscribe</a></p>","[]","SPAM","0"
"82","Language Master Online <study@fluentin3months.net>","study@fluentin3months.net","Learn conversational French, German, or Japanese in 90 days","Our proven immersive method helps you speak with confidence in minutes a day.","<p>Our proven immersive method helps you speak with confidence in minutes a day.</p><p><a href='https://example.com/unsubscribe'>Unsubscribe</a></p>","[]","SPAM","0"
"83","Gourmet Snacks Box <snack@treatsoftheworld.com>","snack@treatsoftheworld.com","Try Authentic Snacks from Tokyo, Seoul, and Paris","Get a curated box of exotic candies, chips, and pastries delivered to your doorstep every month.","<p>Get a curated box of exotic candies, chips, and pastries delivered to your doorstep every month.</p><p><a href='https://example.com/unsubscribe'>Unsubscribe</a></p>","[]","SPAM","0"
"84","Online Therapy Network <support@mindwellnessportal.org>","support@mindwellnessportal.org","Professional counseling from licensed therapists online","Connect with an experienced therapist from the comfort of home. Flexible scheduling available.","<p>Connect with an experienced therapist from the comfort of home. Flexible scheduling available.</p><p><a href='https://example.com/unsubscribe'>Unsubscribe</a></p>","[]","SPAM","0"
"85","Gourmet Spice Market <spices@artisanflavors.com>","spices@artisanflavors.com","Authentic Himalayan Pink Salt & Saffron Collection","Enhance your cooking with pure, ethically sourced organic spices from around the world.","<p>Enhance your cooking with pure, ethically sourced organic spices from around the world.</p><p><a href='https://example.com/unsubscribe'>Unsubscribe</a></p>","[]","SPAM","0"
"86","Wine Connoisseur Guild <club@vintagecellarsdirect.com>","club@vintagecellarsdirect.com","6 Award-Winning California Wines for only $49.99","Curated by certified sommeliers and delivered in temperature-controlled packaging.","<p>Curated by certified sommeliers and delivered in temperature-controlled packaging.</p><p><a href='https://example.com/unsubscribe'>Unsubscribe</a></p>","[]","SPAM","0"
"87","Smart Garden Systems <grow@indoorhydroponics.com>","grow@indoorhydroponics.com","Grow fresh herbs and lettuce on your kitchen counter","Zero soil, zero mess indoor hydroponic gardening kits with automated LED grow lights.","<p>Zero soil, zero mess indoor hydroponic gardening kits with automated LED grow lights.</p><p><a href='https://example.com/unsubscribe'>Unsubscribe</a></p>","[]","SPAM","0"
"88","Vintage Watch Collectors <newsletter@horologymarket.biz>","newsletter@horologymarket.biz","Collector Timepieces: Swiss Automatic Watches Showcase","Explore pre-owned certified luxury watches with guaranteed authenticity certificates.","<p>Explore pre-owned certified luxury watches with guaranteed authenticity certificates.</p><p><a href='https://example.com/unsubscribe'>Unsubscribe</a></p>","[]","SPAM","0"
"89","Outdoor Adventure Gear <explore@mountaintrekoutfitters.com>","explore@mountaintrekoutfitters.com","Waterproof Hiking Boots & Tents: 35% End of Season Sale","Durable outdoor gear tested in extreme conditions. Free returns within 30 days.","<p>Durable outdoor gear tested in extreme conditions. Free returns within 30 days.</p><p><a href='https://example.com/unsubscribe'>Unsubscribe</a></p>","[]","SPAM","0"
"90","Auto Detailing Supplies <shine@procarcleaning.com>","shine@procarcleaning.com","Ceramic Coating and Car Wash Kits for Enthusiasts","Achieve a showroom shine with professional-grade ceramic spray wax and microfiber towels.","<p>Achieve a showroom shine with professional-grade ceramic spray wax and microfiber towels.</p><p><a href='https://example.com/unsubscribe'>Unsubscribe</a></p>","[]","SPAM","0"
"91","PayPal Security <service@paypal-urgent-update99.xyz>","recovery@attacker-box.top","URGENT: Your PayPal Account Has Been Restricted in 24 Hours","Dear Customer,

We detected unauthorized login activity on your PayPal balance from an unknown device in Moscow. To prevent permanent suspension, you must verify your identity within 24 hours.

Click link to confirm your account credentials: https://pаypal.com/signin/verify","<p>Verify your credentials: <a href='https://pаypal.com/signin/verify'>https://www.paypal.com/myaccount</a></p>","[]","PHISHING","1"
"92","Microsoft 365 Support <admin@m1crosoft-auth-portal.xyz>","","Final Notice: Your Microsoft 365 Password Expires Today","Your corporate Microsoft 365 password expires in 3 hours. Failure to update your password will result in loss of access to Outlook and Teams.

Keep your current password here: https://m1crosoft-login-auth.xyz/oauth2","<p>Update password: <a href='https://m1crosoft-login-auth.xyz/oauth2'>https://login.microsoftonline.com</a></p>","[]","PHISHING","1"
"93","Apple Security Team <billing@apple-id-verify.top>","auth@relay-inbox.xyz","Security Alert: Your Apple ID has been locked","Your Apple ID was used to sign in to iCloud via an unrecognized browser. Your account is locked. Verify your credentials within 12 hours.

Verify Apple ID: https://apple.com@verify-account.top/portal","<p><a href='https://apple.com@verify-account.top/portal'>https://appleid.apple.com</a></p>","[]","PHISHING","1"
"94","Netflix Billing <support@netf1ix-update-service.com>","","Membership Suspended: Update your payment details immediately","We were unable to process your payment for the next billing cycle. Your subscription has been paused. Please re-enter your credit card information.

Update billing: https://netf1ix-billing.xyz/login","<p><a href='https://netf1ix-billing.xyz/login'>https://www.netflix.com/billing</a></p>","[]","PHISHING","1"
"95","Amazon Security Center <security@amaz0n-alerts-portal.com>","harvest@attacker.net","Action Required: Unauthorized Purchase of $899.00 on Amazon","An order for 'iPhone 15 Pro' was placed from your Amazon account. If you did not authorize this charge, click immediately to cancel transaction and reset password: https://amaz0n-security.top/cancel","<p><a href='https://amaz0n-security.top/cancel'>https://amazon.com/orders</a></p>","[]","PHISHING","1"
"96","Chase Fraud Prevention <chase.fraud.alert@gmail.com>","","Unauthorized Wire Transfer of $3,450.00 from your Checking Account","Chase Online Banking Alert:

A wire transfer was requested. If unauthorized, download the attached dispute form and verify your account details: http://192.168.1.100/chase/login.php","<p>Dispute wire: <a href='http://192.168.1.100/chase/login.php'>chase.com/fraud</a></p>","['Dispute_Form.pdf.exe']","PHISHING","1"
"97","Bank of America Security <boa.security.team@yahoo.com>","","Security Alert: Your Debit Card has been temporarily frozen","We detected suspicious transactions on your debit card. Log in to re-authenticate your PIN and online banking credentials: http://boa-card-verify.xyz/auth","<p><a href='http://boa-card-verify.xyz/auth'>bankofamerica.com/verify</a></p>","[]","PHISHING","1"
"98","Wells Fargo Online <wellsfargo.alerts@outlook.com>","","Immediate Action: Confirm your Social Security Number for online access","Due to regulatory updates, all Wells Fargo customers must re-verify their SSN and online banking password within 48 hours to avoid account termination.","<p><a href='https://wellsfargo-verify.top/ssn'>wellsfargo.com/update</a></p>","[]","PHISHING","1"
"99","Citibank Fraud Unit <citi.fraud.dept@gmail.com>","","Alert: High-risk transaction blocked on your credit card","Citibank fraud automated monitoring system flagged a $1,250 charge in London. Click below to verify your login credentials and cancel the charge.","<p><a href='http://citi-secure-auth.xyz/dispute'>citi.com/dispute</a></p>","[]","PHISHING","1"
"100","Accounting Department <payroll@quick-invoice-service.xyz>","inbox@darkrelay.top","OVERDUE INVOICE #94821 - Legal Action Pending","Please find attached the past due invoice of $4,850.00. If unpaid within 24 hours, this matter will be referred to external law enforcement collection.","<p>Review attached invoice document.</p>","['Invoice_Overdue_94821.pdf.exe']","PHISHING","1"
"101","DocuSign Signature Service <docusign@docus1gn-review.com>","","Please Review & Sign: Confidential Wire Transfer Authorization","Accounting has sent you 'Wire_Transfer_Authorization_2026.pdf' for immediate electronic signature. Sign before session expires: https://docus1gn-review.com/auth/sign","<p><a href='https://docus1gn-review.com/auth/sign'>docusign.net/sign</a></p>","['DocuSign_Contract.docm']","PHISHING","1"
"102","Internal Revenue Service <refunds@irs-tax-refund-portal.gov.xyz>","","IRS Tax Notification: Your Tax Refund of $1,420.50 is Pending","Our records show an uncollected tax refund. Please submit your direct deposit banking credentials and Social Security Number to claim your refund within 48 hours.","<p><a href='https://irs-tax-refund.xyz/claim'>irs.gov/refund</a></p>","[]","PHISHING","1"
"103","Binance Crypto Security <security@binance-wallet-verify.net>","","Cryptocurrency Transfer: 0.85 BTC Deposited to your Wallet","A transaction of 0.85 BTC is waiting in your crypto escrow. Sign in with your wallet private key to complete withdrawal: https://binance-login-auth.xyz/wallet","<p><a href='https://binance-login-auth.xyz/wallet'>binance.com/wallet</a></p>","[]","PHISHING","1"
"104","Coinbase Support <security@c0inbase-auth.xyz>","phish@hackermail.top","Your Coinbase Account is Scheduled for Deactivation","Security policy violation detected. Re-verify your two-factor authentication seed phrase immediately: https://c0inbase-login.xyz/2fa","<p><a href='https://c0inbase-login.xyz/2fa'>coinbase.com/security</a></p>","[]","PHISHING","1"
"105","Intuit QuickBooks <billing@quickbooks-invoice-portal.net>","","Payment Past Due: Intuit Invoice #QBK-849102","Your subscription invoice of $249.00 is overdue. Download invoice or click to submit corporate banking details immediately.","<p><a href='https://quickbooks-pay.top/invoice'>quickbooks.intuit.com</a></p>","['QuickBooks_Invoice.scr']","PHISHING","1"
"106","DHL Express Delivery <tracking@dhl-parcel-notification.xyz>","","Delivery Exception: Package #DHL-98421 on hold due to address error","Your parcel could not be delivered due to an incorrect postal address and unpaid $2.49 customs fee. Update your card details within 24 hours: https://dhl-package-update.xyz/pay","<p><a href='https://dhl-package-update.xyz/pay'>dhl.com/track</a></p>","[]","PHISHING","1"
"107","FedEx Ground Alerts <tracking@fedex-shipment-resolver.top>","dropship@relay.biz","FedEx: Package delivery failed - Confirm recipient identity","We attempted delivery of package #FX-49218 today. Confirm your identity and phone number to reschedule delivery: https://fedex-tracking-portal.xyz/reschedule","<p><a href='https://fedex-tracking-portal.xyz/reschedule'>fedex.com/tracking</a></p>","[]","PHISHING","1"
"108","USPS Postal Service <alerts@usps-tracking-redelivery.xyz>","","USPS Notification: Parcel awaiting redelivery - $1.95 processing fee","Your package is held at regional sorting facility. Click to confirm shipping address and pay redelivery fee: http://usps-redelivery.top/portal","<p><a href='http://usps-redelivery.top/portal'>usps.com/redelivery</a></p>","[]","PHISHING","1"
"109","UPS Delivery Manager <updates@ups-tracking-portal.net>","","UPS Notice: Your package is awaiting dispatch approval","A shipment requires your electronic signature and payment confirmation before customs clearance. Download the shipping receipt to proceed.","<p>Download attached receipt.</p>","['UPS_Delivery_Label.iso']","PHISHING","1"
"110","Instagram Security <support@instagrаm-verify.xyz>","","Copyright Infringement Notice: Your Instagram Account will be deleted","A copyright claim was filed against your recent post. If you believe this is an error, appeal within 24 hours or your profile will be permanently deleted: https://instagrаm-appeal.xyz/login","<p><a href='https://instagrаm-appeal.xyz/login'>instagram.com/legal</a></p>","[]","PHISHING","1"
"111","Facebook Security <security@faceb00k-meta-support.com>","","Your Facebook Business Page has been flagged for violation","Meta Security Warning: Your business page violated community standards. Re-verify your administrator credentials within 24 hours to prevent unpublishing: https://faceb00k-business.xyz/auth","<p><a href='https://faceb00k-business.xyz/auth'>facebook.com/business</a></p>","[]","PHISHING","1"
"112","Dropbox File Sharing <notifications@dropbox-file-download.xyz>","share@relay-portal.top","Confidential Document Shared: 'Employee_Salaries_2026.pdf'","You have received a password-protected document via Dropbox. Log in with your corporate email password to view the document: https://dropbox-auth.xyz/view","<p><a href='https://dropbox-auth.xyz/view'>dropbox.com/share</a></p>","[]","PHISHING","1"
"113","Google Workspace Admin <admin@g00gle-workspace-verify.net>","","Critical Security Alert: Suspicious login from Nigeria detected","Someone logged into your Google Account from Lagos, Nigeria. If this was not you, change your password immediately: https://g00gle-security.xyz/reset","<p><a href='https://g00gle-security.xyz/reset'>myaccount.google.com</a></p>","[]","PHISHING","1"
"114","Zoom Video Support <helpdesk@z00m-meeting-auth.com>","","Missed Zoom Video Conference - Voice Recording Attached","You missed a high-priority meeting. Download the voice recording attachment or enter credentials to listen online: https://z00m-recordings.xyz/play","<p><a href='https://z00m-recordings.xyz/play'>zoom.us/recording</a></p>","['Meeting_Audio.vbs']","PHISHING","1"
"115","WhatsApp Web Team <support@whatsapp-web-portal.xyz>","","WhatsApp Web: 12 new unread voice messages waiting","Your WhatsApp cloud backup contains unread voice messages. Confirm your mobile phone number and OTP code to listen: https://whatsapp-auth.xyz/otp","<p><a href='https://whatsapp-auth.xyz/otp'>web.whatsapp.com</a></p>","[]","PHISHING","1"
"116","LinkedIn Talent Team <recruiting@linkdln-job-portal.com>","","You have received a job offer: $120,000/year Remote Software Engineer","A hiring manager reviewed your profile and sent an offer letter. Log in with your LinkedIn password to accept: https://linkdln-auth.xyz/offer","<p><a href='https://linkdln-auth.xyz/offer'>linkedin.com/jobs</a></p>","[]","PHISHING","1"
"117","University IT Helpdesk <helpdesk@apex-portal-login.xyz>","","URGENT: All Student Email Accounts Must Be Migrated Today","Apex University IT is upgrading campus email servers. Enter your student password and student ID to prevent mailbox deactivation: https://apex-edu-login.xyz/student","<p><a href='https://apex-edu-login.xyz/student'>apex.edu/login</a></p>","[]","PHISHING","1"
"118","Campus Financial Aid <finaid@apex-financial-scholarship.top>","aid@relay.net","Emergency Grant Approved: $2,500 Direct Student Deposit Waiting","You are eligible for emergency student financial relief. Confirm your bank account number and routing details immediately: https://apex-grants.xyz/claim","<p><a href='https://apex-grants.xyz/claim'>apex.edu/finaid</a></p>","[]","PHISHING","1"
"119","Corporate HR Department <humanresources@company-payroll-update.xyz>","","Employee Benefit Update: Action Required on Health Insurance","All employees must confirm their personal Social Security Number and banking direct deposit information before the end of the day: http://company-hr-portal.xyz/ssn","<p><a href='http://company-hr-portal.xyz/ssn'>internal-hr.com</a></p>","['HR_Form.hta']","PHISHING","1"
"120","IT Security Operations <security@corporate-vpn-gateway.top>","","VPN Certificate Expired - Install New Security Patch Immediately","Your remote VPN access has been disabled due to an expired certificate. Download and execute the attached security certificate patch to restore connection.","<p>Download attached patch.</p>","['VPN_Security_Patch.exe']","PHISHING","1"
"121","Ethereum Foundation <giveaway@eth-airdrop-rewards.xyz>","","Congratulations: You won 5.0 ETH in the Community Airdrop","Your wallet address was randomly selected for the 2026 Ethereum Foundation community reward. Connect your MetaMask wallet and confirm seed phrase to receive funds: https://eth-claim-portal.xyz/airdrop","<p><a href='https://eth-claim-portal.xyz/airdrop'>ethereum.org/airdrop</a></p>","[]","PHISHING","1"
"122","Cyber Threat Intelligence Unit <hacker@blackhat-extortion.top>","","Security Notice: Your private webcam and passwords were recorded","I have compromised your router and recorded your browsing history. Pay $1,000 in Bitcoin to wallet 1A1zP1eP5QGefi2DMPTfTL5SLmv7DivfNa within 48 hours or this video will be sent to all your contacts.","<p>Pay immediately.</p>","[]","PHISHING","1"
"123","Target Rewards Team <giftcards@target-shopper-rewards.xyz>","","Claim your $500 Target Gift Card: Customer Appreciation Survey","You were selected as today's lucky shopper! Complete a 30-second survey and enter your credit card to cover $1.00 shipping: https://target-rewards-claim.xyz/gift","<p><a href='https://target-rewards-claim.xyz/gift'>target.com/rewards</a></p>","[]","PHISHING","1"
"124","Walmart Gift Card Portal <promotions@walmart-free-voucher.top>","","Walmart Shopper: Your $1,000 Shopping Voucher is Expiring","Claim your free grocery shopping card before midnight. Enter your full name, phone number, and bank account for verification: https://walmart-voucher.xyz/claim","<p><a href='https://walmart-voucher.xyz/claim'>walmart.com</a></p>","[]","PHISHING","1"
"125","Steam Community Support <security@steampowered-trade-guard.xyz>","","Trade Ban Notice: Your Steam Inventory is Flagged for Fraud","Your Steam account was reported for fraudulent trading. Confirm your Steam guard mobile code and password to avoid permanent VAC ban: https://steampowered-auth.xyz/trade","<p><a href='https://steampowered-auth.xyz/trade'>steampowered.com</a></p>","[]","PHISHING","1"
"126","PlayStation Network Security <sony@playstati0n-auth.xyz>","","PSN Account Suspension: Unauthorized charge disputed","Your PSN wallet has been frozen. Log in to verify your payment credentials and restore PlayStation Plus access: https://playstati0n-login.xyz/auth","<p><a href='https://playstati0n-login.xyz/auth'>playstation.com</a></p>","[]","PHISHING","1"
"127","DocuSign Review Team <signer@docusign-contracts-online.top>","","Action Required: Sign Employee Non-Disclosure Agreement","Human Resources sent you 'NDA_Confidential_2026.pdf'. Sign in with your company email and password to access the document: https://docusign-portal-auth.xyz/sign","<p><a href='https://docusign-portal-auth.xyz/sign'>docusign.net</a></p>","['NDA_Document.iso']","PHISHING","1"
"128","AT&T Billing Department <billing@att-phone-bill-update.xyz>","","Your AT&T Mobile Bill Payment Failed - Service Interruption Warning","Your wireless service will be disconnected in 24 hours due to an unpaid balance of $124.90. Update payment method: https://att-billing-auth.xyz/pay","<p><a href='https://att-billing-auth.xyz/pay'>att.com/myatt</a></p>","[]","PHISHING","1"
"129","Verizon Wireless <support@veriz0n-wireless-verify.net>","","Verizon Alert: Free 5G Phone Upgrade Waiting for Confirmation","Your line is eligible for a complimentary phone upgrade. Confirm your account PIN and billing password to claim device: https://veriz0n-upgrade.xyz/claim","<p><a href='https://veriz0n-upgrade.xyz/claim'>verizon.com</a></p>","[]","PHISHING","1"
"130","Geek Squad Protection <invoices@geeksquad-billing-center.xyz>","","Renewal Notice: Geek Squad Antivirus $399.00 Auto-Debited","Thank you for renewing your annual Geek Squad technical support plan. If you did not authorize this $399.00 charge, download attached cancellation dispute form immediately.","<p>Download cancellation form.</p>","['GeekSquad_Invoice.docm']","PHISHING","1"
"131","Norton LifeLock Security <security@norton-antivirus-renewal.top>","","Norton 360 Subscription Confirmed - $499.99 Debited","Your Norton Security protection plan has been renewed. If you wish to cancel this transaction and request a full refund, contact support via attached document.","<p>View attached cancellation instructions.</p>","['Norton_Refund_Form.pdf.exe']","PHISHING","1"
"132","McAfee Total Protection <billing@mcafee-subscription-alerts.xyz>","","McAfee Security Warning: Your Antivirus Protection Has Expired","Your computer is unprotected against malware and ransomware. Renew now to eliminate 14 active virus threats detected on your PC: https://mcafee-renew-auth.xyz/antivirus","<p><a href='https://mcafee-renew-auth.xyz/antivirus'>mcafee.com</a></p>","[]","PHISHING","1"
"133","Airbnb Host Support <reservations@airbnb-booking-verify.xyz>","","Guest Booking Inquiry: Urgent response needed within 2 hours","A traveler requested booking for 5 nights. Log in to your host dashboard to approve reservation and view guest credit card details: https://airbnb-auth.xyz/reservation","<p><a href='https://airbnb-auth.xyz/reservation'>airbnb.com</a></p>","[]","PHISHING","1"
"134","Uber Driver Support <driver@uber-partner-verification.top>","","Uber Driver Alert: Direct Deposit Banking Information Rejected","Your weekly earnings payout of $840.00 was returned. Please re-enter your bank account and debit card credentials immediately: https://uber-driver-payout.xyz/bank","<p><a href='https://uber-driver-payout.xyz/bank'>uber.com/drive</a></p>","[]","PHISHING","1"
"135","Spotify Family Plan <support@sp0tify-family-auth.xyz>","","Spotify Family Plan: Verify your home address to keep membership","All members on your family plan must confirm their home postal address and login password within 24 hours to maintain discount: https://sp0tify-family-verify.xyz/login","<p><a href='https://sp0tify-family-verify.xyz/login'>spotify.com/family</a></p>","[]","PHISHING","1"
"136","Survey Rewards Portal <feedback@opinions-survey-relay.net>","opinions@survey-research-group.org","Quick 2-Minute Feedback Survey from Third-Party Research Partner","Hello,

You have been invited to participate in a consumer preferences study conducted by an independent research panel on behalf of your service provider. A small honorarium is provided upon completion.","<p>Take the survey: <a href='https://opinions-survey-relay.net/survey/28491'>Take Survey</a></p>","[]","SUSPICIOUS","0"
"137","Campus Vendor Portal <notifications@campus-print-vendor.io>","","External Printing Service: Invoice for Lab Poster","Attached is the automated invoice for poster printing requested by student organization account. Please review line items.","<p>Review attached print invoice.</p>","['Poster_Print_Invoice.pdf']","SUSPICIOUS","0"
"138","Third-Party Account Security <verify@external-sso-gateway.net>","support@sso-gateway.org","Unrecognized Device Login to Connected Third-Party App","An external web application authenticated using your linked account. If this was you using the campus lab computer, no action is needed.","<p>Review connected third-party apps on your account settings.</p>","[]","SUSPICIOUS","0"
"139","Automated Password Reset <no-reply@auth-reset-daemon.com>","","Password Reset Request Received","We received a request to reset your password. If you did not make this request, you can safely ignore this email. Your password will remain unchanged.","<p>Ignore if you did not request a reset.</p>","[]","SUSPICIOUS","0"
"140","International Conference Committee <secretary@appliedsciences-symposium.org.in>","","Call for Papers: 14th International Symposium on Applied Engineering","We invite researchers and graduate students to submit abstracts for presentation at the annual symposium. Early bird registration ends soon.","<p>Submit abstracts to conference portal.</p>","[]","SUSPICIOUS","0"
"141","Domain Name Service Registrar <renewals@domain-registry-services.biz>","support@domain-registrar-help.com","Upcoming Domain Registration Expiration Notice for Project Demo","Your test project domain name registration is scheduled to expire in 45 days. You may renew through your registrar console.","<p>Check renewal status.</p>","[]","SUSPICIOUS","0"
"142","Beta Software Testing <invites@earlyaccess-testing-hub.net>","","Invitation to Beta Test New Developer Productivity Tools","You signed up for developer early access. Download the preview build and provide feedback on our community forum.","<p><a href='https://earlyaccess-testing-hub.net/download'>Download Beta</a></p>","['Beta_Release_Notes.zip']","SUSPICIOUS","0"
"143","E-Commerce Order Notification <updates@global-crossborder-logistics.cn>","","Tracking Information: International Component Shipment #GL-84920","Your electronic component order from international supplier has cleared export customs and is handed over to local courier.","<p>Track shipment on logistics portal.</p>","[]","SUSPICIOUS","0"
"144","Regional Bank Marketing <offers@regional-cooperative-credit.com>","","New High-Yield Savings Account Rates Available","Explore our updated 4.5% APY high-yield savings account options. Visit our local branch or website to learn more.","<p>Learn about savings rates.</p>","[]","SUSPICIOUS","0"
"145","Freelance Platform Matching <talent@remotework-contractors.biz>","gigs@remotework-contractors.biz","New Contract Match: Python Web Scraping & Data Cleaning","A client posted a part-time contract matching your developer profile skills. Review project description and scope on the platform.","<p>Review gig details.</p>","[]","SUSPICIOUS","0"
"146","Software License Audit <compliance@enterprise-software-audits.org>","","Annual Software Asset Management Survey for Academic Labs","Please complete the annual hardware and software asset survey for lab equipment to ensure licensing compliance.","<p>Complete compliance checklist.</p>","['Software_Inventory_Form.xlsx']","SUSPICIOUS","0"
"147","University Alumni Mentorship <mentors@alumni-connect-network.org>","","Alumni Career Mentorship Program: Matching Open for Fall","Connect with experienced industry alumni for resume reviews and career guidance. Register as a student mentee.","<p>Register for mentorship.</p>","[]","SUSPICIOUS","0"
"148","Cloud Server Maintenance Alert <devops@hosting-infrastructure-monitor.net>","","Scheduled Database Optimization on Shared Cluster","Routine database index maintenance will run on server cluster node 4 between 3:00 AM and 3:30 AM UTC.","<p>Check cluster status page.</p>","[]","SUSPICIOUS","0"
"149","Academic Book Publisher <editor@scholarly-press-academic.co.uk>","","Book Proposal Review Request in Computational Science","Our editorial board is seeking peer reviewers for a forthcoming textbook manuscript on distributed computing systems.","<p>Review manuscript table of contents.</p>","[]","SUSPICIOUS","0"
"150","Event Ticket Transfer <transfers@ticket-exchange-hub.net>","service@ticket-exchange-hub.net","A friend initiated a ticket transfer for Music Festival","User has transferred 1 general admission ticket to your email. Log in to claim your mobile ticket pass.","<p><a href='https://ticket-exchange-hub.net/claim'>Claim Ticket</a></p>","[]","SUSPICIOUS","0"
